date,GOOGLSMA,GOOGLClose,EBAYSMA,EBAYClose
2019-12-23 09:35:00,1354.233,1405.49,36.2409,35.59
2019-12-23 09:40:00,1354.316,1405.7,36.2401,35.62
2019-12-23 09:45:00,1354.3792,1407.03,36.2398,35.72
2019-12-23 09:50:00,1354.3921,1409.17,36.2392,35.815
2019-12-23 09:55:00,1354.4184,1411.1,36.2406,35.85
2019-12-23 10:00:00,1354.4172,1411.075,36.242,35.84
2019-12-23 10:05:00,1354.3896,1411.655,36.2441,35.875
2019-12-23 10:10:00,1354.3439,1410.425,36.2468,35.895
2019-12-23 10:15:00,1354.3051,1409.9301,36.2492,35.855
2019-12-23 10:20:00,1354.2692,1410.6851,36.251,35.825
2019-12-23 10:25:00,1354.2512,1409.62,36.2534,35.82
2019-12-23 10:30:00,1354.2454,1409.96,36.2563,35.82
2019-12-23 10:35:00,1354.2362,1408.95,36.2587,35.8
2019-12-23 10:40:00,1354.2397,1408.58,36.2612,35.84
2019-12-23 10:45:00,1354.2824,1407.67,36.2637,35.86
2019-12-23 10:50:00,1354.2828,1408.2825,36.2661,35.81
2019-12-23 10:55:00,1354.2998,1408.01,36.2682,35.81
2019-12-23 11:00:00,1354.3349,1406.5601,36.2706,35.805
2019-12-23 11:05:00,1354.3566,1407.49,36.2737,35.815
2019-12-23 11:10:00,1354.3725,1408.29,36.2767,35.85
2019-12-23 11:15:00,1354.3817,1409.2,36.2802,35.84
2019-12-23 11:20:00,1354.3877,1408.87,36.2836,35.865
2019-12-23 11:25:00,1354.3931,1408.835,36.2875,35.87
2019-12-23 11:30:00,1354.4204,1409.3715,36.2919,35.86
2019-12-23 11:35:00,1354.4444,1407.58,36.2952,35.87
2019-12-23 11:40:00,1354.4798,1407.495,36.2985,35.895
2019-12-23 11:45:00,1354.5205,1408.645,36.3019,35.885
2019-12-23 11:50:00,1354.5493,1409.275,36.305,35.895
2019-12-23 11:55:00,1354.56,1409.785,36.3082,35.94
2019-12-23 12:00:00,1354.5829999999999,1409.0725,36.3113,35.925
2019-12-23 12:05:00,1354.5826,1409.855,36.3143,35.9002
2019-12-23 12:10:00,1354.5857,1409.12,36.3174,35.9
2019-12-23 12:15:00,1354.5794,1408.6801,36.3194,35.895
2019-12-23 12:20:00,1354.5752,1408.775,36.3207,35.92
2019-12-23 12:25:00,1354.5778,1408.6949,36.3215,35.925
2019-12-23 12:30:00,1354.5851,1408.65,36.3222,35.94
2019-12-23 12:35:00,1354.5981,1409.8101,36.323,35.95
2019-12-23 12:40:00,1354.5844,1409.9301,36.3239,35.9752
2019-12-23 12:45:00,1354.5677,1409.74,36.3247,35.99
2019-12-23 12:50:00,1354.5534,1408.105,36.3255,35.96
2019-12-23 12:55:00,1354.5378,1408.9301,36.3263,35.945
2019-12-23 13:00:00,1354.5295,1409.59,36.3276,35.995
2019-12-23 13:05:00,1354.5047,1409.9,36.3294,35.98
2019-12-23 13:10:00,1354.4791,1409.205,36.3313,35.99
2019-12-23 13:15:00,1354.454,1409.22,36.3333,36.0064
2019-12-23 13:20:00,1354.4227,1408.045,36.3354,36.0053
2019-12-23 13:25:00,1354.3957,1409.83,36.3378,36.01
2019-12-23 13:30:00,1354.3742,1411.015,36.3404,36.03
2019-12-23 13:35:00,1354.3454,1409.14,36.3432,36.06
2019-12-23 13:40:00,1354.3074,1411.16,36.3458,36.04
2019-12-23 13:45:00,1354.2512,1409.99,36.3487,36.0221
2019-12-23 13:50:00,1354.1924,1407.77,36.3512,36.01
2019-12-23 13:55:00,1354.1315,1403.5601,36.3538,35.94
2019-12-23 14:00:00,1354.0722,1401.7923,36.3568,35.8413
2019-12-23 14:05:00,1354.0201,1402.1662,36.3594,35.85
2019-12-23 14:10:00,1353.9611,1400.9122,36.3626,35.8
2019-12-23 14:15:00,1353.9078,1400.35,36.3659,35.78
2019-12-23 14:20:00,1353.8521,1398.45,36.3691,35.75
2019-12-23 14:25:00,1353.8018,1397.665,36.371,35.75
2019-12-23 14:30:00,1353.7613,1395.585,36.3736,35.7
2019-12-23 14:35:00,1353.5751,1397.16,36.3716,35.74
2019-12-23 14:40:00,1353.384,1397.3101,36.374,35.765
2019-12-23 14:45:00,1353.2212,1395.9094,36.3762,35.74
2019-12-23 14:50:00,1353.0882,1399.41,36.3789,35.8
2019-12-23 14:55:00,1352.9569,1400.52,36.3797,35.81
2019-12-23 15:00:00,1352.8549,1400.21,36.3814,35.8107
2019-12-23 15:05:00,1352.7485,1400.4449,36.382,35.84
2019-12-23 15:10:00,1352.668,1400.17,36.3828,35.83
2019-12-23 15:15:00,1352.5974,1400.735,36.3832,35.87
2019-12-23 15:20:00,1352.5012,1400.88,36.3837,35.86
2019-12-23 15:25:00,1352.4019,1399.095,36.3831,35.84
2019-12-23 15:30:00,1352.3065,1401.1204,36.3824,35.85
2019-12-23 15:35:00,1352.2093,1400.08,36.3814,35.83
2019-12-23 15:40:00,1352.0975,1403.2925,36.3798,35.82
2019-12-23 15:45:00,1351.9515,1403.095,36.3781,35.8
2019-12-23 15:50:00,1351.8276,1403.475,36.3753,35.76
2019-12-23 15:55:00,1351.7397,1400.48,36.3735,35.68
2019-12-23 16:00:00,1351.6309,1399.93,36.3708,35.71
2019-12-24 09:35:00,1351.5343,1395.56,36.3678,35.63
2019-12-24 09:40:00,1351.4043,1395.09,36.3646,35.6164
2019-12-24 09:45:00,1351.2353,1395.0,36.3621,35.62
2019-12-24 09:50:00,1351.0627,1396.9301,36.359,35.595
2019-12-24 09:55:00,1350.9035,1396.46,36.3554,35.585
2019-12-24 10:00:00,1350.7314,1397.3199,36.351,35.625
2019-12-24 10:05:00,1350.6058,1397.9399,36.3463,35.6252
2019-12-24 10:10:00,1350.4655,1397.9399,36.3412,35.605
2019-12-24 10:15:00,1350.3335,1398.8051,36.3365,35.615
2019-12-24 10:20:00,1350.2101,1398.89,36.3325,35.585
2019-12-24 10:25:00,1350.1198,1399.0,36.3278,35.555
2019-12-24 10:30:00,1350.0188,1398.39,36.3233,35.535
2019-12-24 10:35:00,1349.9370000000001,1398.65,36.3193,35.52
2019-12-24 10:40:00,1349.8303,1398.05,36.315,35.5
2019-12-24 10:45:00,1349.7166,1398.51,36.3109,35.54
2019-12-24 10:50:00,1349.6013,1398.4,36.3073,35.55
2019-12-24 10:55:00,1349.4908,1398.45,36.3037,35.595
2019-12-24 11:00:00,1349.3681,1399.26,36.2999,35.625
2019-12-24 11:05:00,1349.2526,1399.27,36.2961,35.63
2019-12-24 11:10:00,1349.142,1399.045,36.2926,35.605
2019-12-24 11:15:00,1349.0345,1398.96,36.2891,35.62
2019-12-24 11:20:00,1348.9319,1399.27,36.2858,35.63
2019-12-24 11:25:00,1348.8334,1399.5601,36.2823,35.625
2019-12-24 11:30:00,1348.7307,1400.0601,36.2781,35.62
2019-12-24 11:35:00,1348.6332,1401.58,36.2739,35.66
2019-12-24 11:40:00,1348.5507,1400.8370000000002,36.2698,35.655
2019-12-24 11:45:00,1348.4627,1400.86,36.2657,35.65
2019-12-24 11:50:00,1348.3827,1400.025,36.2617,35.675
2019-12-24 11:55:00,1348.3029,1400.5601,36.2579,35.69
2019-12-24 12:00:00,1348.2225,1400.86,36.2545,35.69
2019-12-24 12:05:00,1348.148,1400.8,36.2519,35.645
2019-12-24 12:10:00,1348.0844,1400.09,36.2487,35.64
2019-12-24 12:15:00,1348.0154,1399.54,36.2464,35.65
2019-12-24 12:20:00,1347.9534,1399.58,36.2435,35.615
2019-12-24 12:25:00,1347.8912,1398.58,36.2406,35.605
2019-12-24 12:30:00,1347.8166,1398.03,36.2377,35.61
2019-12-24 12:35:00,1347.7465,1398.265,36.2352,35.57
2019-12-24 12:40:00,1347.6615,1397.85,36.2328,35.505
2019-12-24 12:45:00,1347.5723,1397.7639,36.2306,35.485
2019-12-24 12:50:00,1347.5038,1398.88,36.2284,35.5
2019-12-24 12:55:00,1347.4481,1398.87,36.2259,35.51
2019-12-24 13:00:00,1347.3806,1398.89,36.2237,35.535
2019-12-24 13:05:00,1347.3136,1399.99,36.2211,35.515
2019-12-26 09:35:00,1347.2791,1399.4557,36.2228,35.525
2019-12-26 09:40:00,1347.2591,1399.26,36.2249,35.525
2019-12-26 09:45:00,1347.2405,1398.0699,36.2264,35.525
2019-12-26 09:50:00,1347.2363,1399.36,36.2282,35.52
2019-12-26 09:55:00,1347.2061,1398.88,36.2293,35.535
2019-12-26 10:00:00,1347.1879,1398.11,36.2298,35.55
2019-12-26 10:05:00,1347.1809,1397.9,36.2313,35.58
2019-12-26 10:10:00,1347.1789999999999,1397.97,36.2328,35.585
2019-12-26 10:15:00,1347.1883,1398.72,36.2341,35.57
2019-12-26 10:20:00,1347.1903,1399.1801,36.2354,35.565
2019-12-26 10:25:00,1347.1883,1399.04,36.2363,35.57
2019-12-26 10:30:00,1347.1718,1399.7321,36.2377,35.575
2019-12-26 10:35:00,1347.1458,1402.75,36.2392,35.615
2019-12-26 10:40:00,1347.1191,1400.9351,36.2408,35.635
2019-12-26 10:45:00,1347.1176,1400.53,36.243,35.65
2019-12-26 10:50:00,1347.0927,1399.76,36.2446,35.6133
2019-12-26 10:55:00,1347.0763,1400.52,36.2471,35.595
2019-12-26 11:00:00,1347.0791,1399.59,36.2493,35.5
2019-12-26 11:05:00,1347.1416,1397.1621,36.2531,35.475
2019-12-26 11:10:00,1347.2406,1397.41,36.2559,35.45
2019-12-26 11:15:00,1347.3574,1397.27,36.2592,35.38
2019-12-26 11:20:00,1347.4701,1396.98,36.2623,35.42
2019-12-26 11:25:00,1347.5841,1398.5405,36.266,35.35
2019-12-26 11:30:00,1347.6514,1402.5,36.27,35.425
2019-12-26 11:35:00,1347.7361,1402.51,36.2743,35.44
2019-12-26 11:40:00,1347.8069,1401.3,36.2787,35.485
2019-12-26 11:45:00,1347.8839,1402.13,36.283,35.51
2019-12-26 11:50:00,1347.9327,1400.5,36.2877,35.4864
2019-12-26 11:55:00,1348.0016,1398.61,36.2925,35.49
2019-12-26 12:00:00,1348.0711,1396.17,36.2969,35.5
2019-12-26 12:05:00,1348.1613,1392.34,36.3011,35.535
2019-12-26 12:10:00,1348.2708,1393.2847,36.305,35.51
2019-12-26 12:15:00,1348.3666,1394.1899,36.3085,35.47
2019-12-26 12:20:00,1348.4596,1395.5,36.3119,35.465
2019-12-26 12:25:00,1348.5641,1398.3145,36.3157,35.5661
2019-12-26 12:30:00,1348.6679,1397.44,36.3196,35.78
2019-12-26 12:35:00,1348.7686,1397.0,36.3234,35.78
2019-12-26 12:40:00,1348.8763,1397.1801,36.3266,35.795
2019-12-26 12:45:00,1348.9968,1396.35,36.3302,35.775
2019-12-26 12:50:00,1349.1282,1394.4567,36.334,35.775
2019-12-26 12:55:00,1349.2813,1393.96,36.3383,35.755
2019-12-26 13:00:00,1349.4618,1393.251,36.3426,35.765
2019-12-26 13:05:00,1349.646,1393.67,36.3466,35.785
2019-12-26 13:10:00,1349.8212,1391.8,36.3501,35.745
2019-12-26 13:15:00,1350.0003,1392.6949,36.3531,35.735
2019-12-26 13:20:00,1350.1982,1390.8199,36.3562,35.69
2019-12-26 13:25:00,1350.4057,1390.0,36.3588,35.7
2019-12-26 13:30:00,1350.6232,1389.92,36.361,35.71
2019-12-26 13:35:00,1350.8448,1389.49,36.3639,35.72
2019-12-26 13:40:00,1351.0906,1388.41,36.3665,35.715
2019-12-26 13:45:00,1351.3424,1389.73,36.3694,35.715
2019-12-26 13:50:00,1351.6027,1389.12,36.3724,35.71
2019-12-26 13:55:00,1351.8884,1389.0,36.3754,35.755
2019-12-26 14:00:00,1352.1781,1388.35,36.3785,35.72
2019-12-26 14:05:00,1352.4782,1389.24,36.3814,35.72
2019-12-26 14:10:00,1352.7882,1388.59,36.3843,35.74
2019-12-26 14:15:00,1353.0792,1390.1425,36.3868,35.705
2019-12-26 14:20:00,1353.3596,1387.8051,36.3895,35.69
2019-12-26 14:25:00,1353.6494,1386.98,36.391999999999996,35.665
2019-12-26 14:30:00,1353.9306,1387.19,36.3943,35.68
2019-12-26 14:35:00,1354.1699,1387.36,36.3923,35.695
2019-12-26 14:40:00,1354.3856,1387.0601,36.3899,35.745
2019-12-26 14:45:00,1354.5932,1388.5699,36.3878,35.745
2019-12-26 14:50:00,1354.7782,1388.6899,36.3858,35.75
2019-12-26 14:55:00,1354.9733,1389.4899,36.3838,35.73
2019-12-26 15:00:00,1355.1579,1389.61,36.3825,35.75
2019-12-26 15:05:00,1355.3342,1390.36,36.38,35.755
2019-12-26 15:10:00,1355.4971,1389.3199,36.3773,35.755
2019-12-26 15:15:00,1355.6612,1391.66,36.3752,35.75
2019-12-26 15:20:00,1355.8178,1390.17,36.3729,35.765
2019-12-26 15:25:00,1355.9891,1389.0699,36.3713,35.715
2019-12-26 15:30:00,1356.1677,1387.35,36.3696,35.71
2019-12-26 15:35:00,1356.3531,1387.67,36.367,35.71
2019-12-26 15:40:00,1356.5709,1387.8101,36.3643,35.735
2019-12-26 15:45:00,1356.7879,1388.63,36.3624,35.74
2019-12-26 15:50:00,1356.9804,1386.9241,36.3604,35.72
2019-12-26 15:55:00,1357.1777,1388.6801,36.358000000000004,35.735
2019-12-26 16:00:00,1357.3691,1390.4301,36.3564,35.74
2019-12-27 09:35:00,1357.5666,1391.03,36.354,35.75
2019-12-27 09:40:00,1357.6837,1390.22,36.352,35.77
2019-12-27 09:45:00,1357.7602,1390.2823,36.3501,35.795
2019-12-27 09:50:00,1357.8199,1390.29,36.3489,35.78
2019-12-27 09:55:00,1357.8941,1388.48,36.3466,35.73
2019-12-27 10:00:00,1357.9458,1389.69,36.3438,35.76
2019-12-27 10:05:00,1358.005,1390.7,36.3417,35.762
2019-12-27 10:10:00,1358.0738,1392.98,36.3388,35.775
2019-12-27 10:15:00,1358.1439,1393.14,36.3362,35.765
2019-12-27 10:20:00,1358.2211,1392.17,36.3335,35.74
2019-12-27 10:25:00,1358.3108,1392.7473,36.3308,35.74
2019-12-27 10:30:00,1358.3878,1393.24,36.3283,35.73
2019-12-27 10:35:00,1358.4716,1393.675,36.3251,35.75
2019-12-27 10:40:00,1358.5596,1393.2,36.3224,35.76
2019-12-27 10:45:00,1358.6723,1392.9,36.3203,35.765
2019-12-27 10:50:00,1358.8120000000001,1392.63,36.3186,35.78
2019-12-27 10:55:00,1358.9597,1391.08,36.3173,35.705
2019-12-27 11:00:00,1359.1229999999998,1392.3,36.3153,35.68
2019-12-27 11:05:00,1359.2877,1391.72,36.3137,35.71
2019-12-27 11:10:00,1359.43,1393.1982,36.3125,35.7199
2019-12-27 11:15:00,1359.5617,1393.875,36.3108,35.685
2019-12-27 11:20:00,1359.6839,1390.0557,36.3088,35.64
2019-12-27 11:25:00,1359.8010000000002,1391.155,36.3071,35.64
2019-12-27 11:30:00,1359.8948,1392.77,36.3057,35.62
2019-12-27 11:35:00,1359.9742,1396.4187,36.3046,35.585
2019-12-27 11:40:00,1360.0539,1395.1852,36.3036,35.5363
2019-12-27 11:45:00,1360.1407,1390.9399,36.3028,35.54
2019-12-27 11:50:00,1360.2022,1386.73,36.3011,35.52
2019-12-27 11:55:00,1360.2351,1384.4399,36.3001,35.5415
2019-12-27 12:00:00,1360.2566,1379.24,36.2988,35.5
2019-12-27 12:05:00,1360.2920000000001,1377.595,36.2971,35.475
2019-12-27 12:10:00,1360.2906,1373.7747,36.2946,35.465
2019-12-27 12:15:00,1360.2853,1370.09,36.2922,35.6011
2019-12-27 12:20:00,1360.2834,1366.92,36.2903,35.55
2019-12-27 12:25:00,1360.2344,1364.12,36.2883,35.655
2019-12-27 12:30:00,1360.1582,1360.4,36.2852,35.96
2019-12-27 12:35:00,1360.0855,1362.27,36.2824,35.98
2019-12-27 12:40:00,1360.0182,1363.84,36.2801,35.895
2019-12-27 12:45:00,1359.9432,1364.3,36.2779,35.895
2019-12-27 12:50:00,1359.8925,1364.99,36.2764,35.86
2019-12-27 12:55:00,1359.8552,1363.78,36.2748,35.89
2019-12-27 13:00:00,1359.8307,1365.235,36.2733,35.91
2019-12-27 13:05:00,1359.8239,1364.67,36.2724,35.9
2019-12-27 13:10:00,1359.8325,1366.2834,36.2716,35.945
2019-12-27 13:15:00,1359.8221,1366.42,36.2708,35.95
2019-12-27 13:20:00,1359.8135,1366.67,36.2697,35.955
2019-12-27 13:25:00,1359.8175,1368.525,36.2689,35.965
2019-12-27 13:30:00,1359.7947,1367.58,36.2675,35.96
2019-12-27 13:35:00,1359.7695,1367.24,36.2666,35.915
2019-12-27 13:40:00,1359.7727,1366.76,36.2666,35.92
2019-12-27 13:45:00,1359.7622,1366.77,36.2661,35.88
2019-12-27 13:50:00,1359.7527,1367.02,36.2658,35.875
2019-12-27 13:55:00,1359.7215,1365.86,36.265,35.875
2019-12-27 14:00:00,1359.6909,1366.64,36.264,35.87
2019-12-27 14:05:00,1359.6685,1366.63,36.264,35.865
2019-12-27 14:10:00,1359.6168,1366.6088,36.2639,35.88
2019-12-27 14:15:00,1359.5638,1366.495,36.263000000000005,35.88
2019-12-27 14:20:00,1359.5164,1367.27,36.2626,35.89
2019-12-27 14:25:00,1359.4574,1365.9449,36.2624,35.9
2019-12-27 14:30:00,1359.3807,1367.96,36.2616,35.94
2019-12-27 14:35:00,1359.2764,1368.54,36.2605,35.965
2019-12-27 14:40:00,1359.2517,1369.49,36.2597,35.995
2019-12-27 14:45:00,1359.2659,1369.5599,36.2587,35.965
2019-12-27 14:50:00,1359.2897,1367.6942,36.2572,35.9412
2019-12-27 14:55:00,1359.3075,1368.895,36.2571,35.99
2019-12-27 15:00:00,1359.3507,1371.79,36.2578,36.04
2019-12-27 15:05:00,1359.3697,1371.98,36.2571,36.025
2019-12-27 15:10:00,1359.3722,1370.9,36.2565,36.015
2019-12-27 15:15:00,1359.3779,1372.74,36.2554,36.025
2019-12-27 15:20:00,1359.3687,1372.36,36.2542,36.02
2019-12-27 15:25:00,1359.3392,1371.62,36.2529,36.025
2019-12-27 15:30:00,1359.3029999999999,1371.88,36.2513,36.02
2019-12-27 15:35:00,1359.255,1372.64,36.2503,36.035
2019-12-27 15:40:00,1359.2060000000001,1373.13,36.2487,36.035
2019-12-27 15:45:00,1359.1305,1372.42,36.2462,36.05
2019-12-27 15:50:00,1359.001,1372.1899,36.2427,36.04
2019-12-27 15:55:00,1358.9113,1371.96,36.2383,36.02
2019-12-27 16:00:00,1358.7838,1371.895,36.235,36.0
2019-12-30 09:35:00,1358.5772,1370.27,36.2321,35.98
2019-12-30 09:40:00,1358.3018,1369.3483,36.2263,35.98
2019-12-30 09:45:00,1358.0479999999998,1368.91,36.2208,35.985
2019-12-30 09:50:00,1357.7038,1368.5601,36.2134,36.0027
2019-12-30 09:55:00,1357.3726,1367.8676,36.205999999999996,36.02
2019-12-30 10:00:00,1356.9999,1366.42,36.1982,36.02
2019-12-30 10:05:00,1356.6134,1366.47,36.1898,36.0271
2019-12-30 10:10:00,1356.3012,1366.5601,36.1823,35.985
2019-12-30 10:15:00,1355.9174,1367.67,36.173,35.955
2019-12-30 10:20:00,1355.5544,1365.6019,36.1644,35.98
2019-12-30 10:25:00,1355.2388,1365.2249,36.1552,35.985
2019-12-30 10:30:00,1354.9281,1365.78,36.1464,35.985
2019-12-30 10:35:00,1354.5758,1367.09,36.137,35.99
2019-12-30 10:40:00,1354.2431,1367.0839999999998,36.1288,35.97
2019-12-30 10:45:00,1353.9033,1366.63,36.121,35.98
2019-12-30 10:50:00,1353.5421,1365.4,36.1125,35.93
2019-12-30 10:55:00,1353.2112,1363.73,36.1049,35.91
2019-12-30 11:00:00,1352.9169,1363.56,36.0982,35.95
2019-12-30 11:05:00,1352.6058,1364.3,36.0917,35.9561
2019-12-30 11:10:00,1352.2688,1366.0334,36.084,35.985
2019-12-30 11:15:00,1351.9846,1366.3199,36.0774,36.01
2019-12-30 11:20:00,1351.6925,1365.3,36.0705,36.0
2019-12-30 11:25:00,1351.4345,1365.997,36.0638,36.0004
2019-12-30 11:30:00,1351.1447,1366.34,36.0569,35.995
2019-12-30 11:35:00,1350.8092,1365.5927,36.049,35.955
2019-12-30 11:40:00,1350.4537,1364.4301,36.041,36.0
2019-12-30 11:45:00,1350.1421,1364.595,36.0332,36.01
2019-12-30 11:50:00,1349.8466,1363.9678,36.0255,35.94
2019-12-30 11:55:00,1349.5271,1363.8861,36.018,35.8913
2019-12-30 12:00:00,1349.2384,1363.36,36.0103,35.87
2019-12-30 12:05:00,1348.9286,1365.16,36.0027,35.84
2019-12-30 12:10:00,1348.6013,1365.89,35.9945,35.905
2019-12-30 12:15:00,1348.2769,1364.0699,35.9866,35.8512
2019-12-30 12:20:00,1347.9513,1358.52,35.979,35.8714
2019-12-30 12:25:00,1347.6219,1359.5392,35.9715,36.0706
2019-12-30 12:30:00,1347.3225,1368.69,35.9646,36.29
2019-12-30 12:35:00,1347.0347,1368.0510000000002,35.9585,36.245
2019-12-30 12:40:00,1346.7507,1365.715,35.9534,36.15
2019-12-30 12:45:00,1346.453,1367.115,35.9485,36.145
2019-12-30 12:50:00,1346.1688,1367.21,35.9437,36.16
2019-12-30 12:55:00,1345.8897,1366.71,35.939,36.175
2019-12-30 13:00:00,1345.6298,1366.95,35.9349,36.19
2019-12-30 13:05:00,1345.3429999999998,1366.46,35.9298,36.21
2019-12-30 13:10:00,1345.0635,1365.345,35.9245,36.2111
2019-12-30 13:15:00,1344.7737,1366.64,35.9199,36.23
2019-12-30 13:20:00,1344.4745,1366.78,35.9156,36.24
2019-12-30 13:25:00,1344.181,1365.87,35.9105,36.25
2019-12-30 13:30:00,1343.8873,1365.01,35.9053,36.24
2019-12-30 13:35:00,1343.6086,1364.9,35.9007,36.25
2019-12-30 13:40:00,1343.3362,1365.45,35.8961,36.285
2019-12-30 13:45:00,1343.0551,1364.66,35.8914,36.285
2019-12-30 13:50:00,1342.7804,1363.5649,35.8857,36.285
2019-12-30 13:55:00,1342.5042,1363.275,35.8804,36.3
2019-12-30 14:00:00,1342.2591,1363.2620000000002,35.8755,36.285
2019-12-30 14:05:00,1342.001,1363.46,35.8704,36.27
2019-12-30 14:10:00,1341.7337,1362.172,35.8657,36.26
2019-12-30 14:15:00,1341.4942,1361.655,35.8612,36.255
2019-12-30 14:20:00,1341.2907,1361.1609,35.8573,36.235
2019-12-30 14:25:00,1341.0379,1361.86,35.8536,36.23
2019-12-30 14:30:00,1340.7959,1361.06,35.849000000000004,36.21
2019-12-30 14:35:00,1340.6439,1360.02,35.8432,36.2
2019-12-30 14:40:00,1340.5807,1360.13,35.8397,36.24
2019-12-30 14:45:00,1340.4992,1358.24,35.8361,36.225
2019-12-30 14:50:00,1340.5054,1358.67,35.8345,36.25
2019-12-30 14:55:00,1340.4942,1358.33,35.8326,36.24
2019-12-30 15:00:00,1340.5107,1357.92,35.8306,36.245
2019-12-30 15:05:00,1340.5428,1358.79,35.8288,36.28
2019-12-30 15:10:00,1340.5173,1358.4301,35.827,36.25
2019-12-30 15:15:00,1340.5393,1358.25,35.8273,36.245
2019-12-30 15:20:00,1340.5691,1359.37,35.828,36.23
2019-12-30 15:25:00,1340.5726,1358.65,35.8288,36.285
2019-12-30 15:30:00,1340.5745,1358.9,35.8289,36.3
2019-12-30 15:35:00,1340.5773,1359.09,35.8301,36.3
2019-12-30 15:40:00,1340.5755,1360.28,35.8311,36.28
2019-12-30 15:45:00,1340.5874,1359.6,35.8321,36.27
2019-12-30 15:50:00,1340.6058,1359.42,35.8323,36.29
2019-12-30 15:55:00,1340.5991,1357.63,35.832,36.355
2019-12-30 16:00:00,1340.6018,1356.615,35.832,36.355
2019-12-31 09:35:00,1340.5363,1356.905,35.8295,36.35
2019-12-31 09:40:00,1340.5297,1356.76,35.8279,36.33
2019-12-31 09:45:00,1340.4678,1355.52,35.8257,36.345
2019-12-31 09:50:00,1340.4198,1355.6949,35.825,36.37
2019-12-31 09:55:00,1340.3059,1354.9946,35.8238,36.365
2019-12-31 10:00:00,1340.2496,1355.55,35.8221,36.35
2019-12-31 10:05:00,1340.1944,1355.29,35.8197,36.35
2019-12-31 10:10:00,1340.1196,1354.3301,35.8167,36.33
2019-12-31 10:15:00,1340.0315,1353.4952,35.8141,36.295
2019-12-31 10:20:00,1339.9470000000001,1354.5386,35.812,36.3
2019-12-31 10:25:00,1339.8727,1353.165,35.8097,36.305
2019-12-31 10:30:00,1339.7808,1355.51,35.808,36.405
2019-12-31 10:35:00,1339.7123,1356.0,35.8057,36.395
2019-12-31 10:40:00,1339.6308,1354.08,35.8031,36.365
2019-12-31 10:45:00,1339.557,1355.1899,35.8004,36.375
2019-12-31 10:50:00,1339.4803,1354.3051,35.797,36.36
2019-12-31 10:55:00,1339.4136,1354.62,35.7935,36.36
2019-12-31 11:00:00,1339.3162,1353.4086,35.7901,36.37
2019-12-31 11:05:00,1339.231,1351.3,35.7861,36.335
2019-12-31 11:10:00,1339.1597,1350.8,35.7818,36.29
2019-12-31 11:15:00,1339.085,1350.8562,35.7775,36.27
2019-12-31 11:20:00,1339.0027,1350.4465,35.7736,36.23
2019-12-31 11:25:00,1338.9119,1350.9099,35.7697,36.2212
2019-12-31 11:30:00,1338.7841,1352.22,35.7652,36.21
2019-12-31 11:35:00,1338.6565,1351.1,35.7613,36.22
2019-12-31 11:40:00,1338.5408,1354.02,35.7582,36.26
2019-12-31 11:45:00,1338.441,1354.39,35.7552,36.32
2019-12-31 11:50:00,1338.3809,1356.515,35.7524,36.4062
2019-12-31 11:55:00,1338.3120000000001,1357.8199,35.7503,36.425
2019-12-31 12:00:00,1338.2457,1360.58,35.7487,36.44
2019-12-31 12:05:00,1338.1812,1359.6949,35.7472,36.435
2019-12-31 12:10:00,1338.1234,1357.89,35.7457,36.475
2019-12-31 12:15:00,1338.0463,1357.955,35.7446,36.485
2019-12-31 12:20:00,1337.9484,1359.67,35.7448,36.42
2019-12-31 12:25:00,1337.8583,1354.4351,35.7443,36.3513
2019-12-31 12:30:00,1337.7499,1338.13,35.7441,36.11
2019-12-31 12:35:00,1337.6549,1339.13,35.7443,36.11
2019-12-31 12:40:00,1337.57,1336.21,35.7451,36.03
2019-12-31 12:45:00,1337.4826,1336.47,35.7461,36.06
2019-12-31 12:50:00,1337.3905,1336.5775,35.7469,36.02
2019-12-31 12:55:00,1337.3036,1336.7,35.748000000000005,36.03
2019-12-31 13:00:00,1337.2264,1336.3101,35.7489,36.0
2019-12-31 13:05:00,1337.1479,1336.88,35.7504,36.015
2019-12-31 13:10:00,1337.0756,1337.2,35.7524,36.015
2019-12-31 13:15:00,1336.9883,1336.6899,35.7553,36.01
2019-12-31 13:20:00,1336.8978,1336.8,35.7577,35.99
2019-12-31 13:25:00,1336.7985,1337.0,35.7606,36.0
2019-12-31 13:30:00,1336.7117,1336.16,35.7634,35.98
2019-12-31 13:35:00,1336.6304,1335.5146,35.7662,35.98
2019-12-31 13:40:00,1336.5449,1336.4117,35.7683,35.975
2019-12-31 13:45:00,1336.4718,1336.85,35.7699,35.985
2019-12-31 13:50:00,1336.3736,1336.74,35.7715,35.985
2019-12-31 13:55:00,1336.2636,1336.62,35.7736,35.979
2019-12-31 14:00:00,1336.1671,1335.45,35.7767,35.965
2019-12-31 14:05:00,1336.0999,1335.1899,35.7791,35.955
2019-12-31 14:10:00,1336.0445,1334.5,35.7815,35.94
2019-12-31 14:15:00,1335.9665,1336.0,35.7834,35.94
2019-12-31 14:20:00,1335.865,1337.22,35.7861,35.945
2019-12-31 14:25:00,1335.8067,1336.97,35.7891,35.945
2019-12-31 14:30:00,1335.723,1336.57,35.7919,35.97
2019-12-31 14:35:00,1335.7388,1336.035,35.7969,35.925
2019-12-31 14:40:00,1335.7121,1336.55,35.8016,35.885
2019-12-31 14:45:00,1335.6966,1336.8149,35.8063,35.86
2019-12-31 14:50:00,1335.6511,1336.76,35.809,35.89
2019-12-31 14:55:00,1335.6167,1336.5,35.8122,35.895
2019-12-31 15:00:00,1335.5684,1335.95,35.8162,35.91
2019-12-31 15:05:00,1335.5714,1336.0699,35.8218,35.905
2019-12-31 15:10:00,1335.6015,1336.15,35.8278,35.88
2019-12-31 15:15:00,1335.6233,1336.275,35.8336,35.905
2019-12-31 15:20:00,1335.6431,1336.5699,35.839,35.87
2019-12-31 15:25:00,1335.6719,1335.8,35.8448,35.855
2019-12-31 15:30:00,1335.7077,1335.5,35.8503,35.85
2019-12-31 15:35:00,1335.7448,1335.1884,35.8567,35.87
2019-12-31 15:40:00,1335.7835,1335.37,35.8635,35.875
2019-12-31 15:45:00,1335.825,1335.3922,35.8711,35.9
2019-12-31 15:50:00,1335.8643,1334.95,35.8786,35.905
2019-12-31 15:55:00,1335.951,1334.51,35.8876,35.88
2019-12-31 16:00:00,1336.0263,1335.0566,35.8959,35.88
2020-01-02 09:35:00,1336.3472,1335.0,35.9078,35.84
2020-01-02 09:40:00,1336.7442,1334.66,35.9204,35.88
2020-01-02 09:45:00,1337.12,1336.08,35.9343,35.845
2020-01-02 09:50:00,1337.4905,1337.09,35.9474,35.82
2020-01-02 09:55:00,1337.8955,1336.79,35.9599,35.845
2020-01-02 10:00:00,1338.3335,1336.4,35.9725,35.84
2020-01-02 10:05:00,1338.7469,1336.52,35.9849,35.815
2020-01-02 10:10:00,1339.1255,1336.21,35.9963,35.81
2020-01-02 10:15:00,1339.4573,1334.4821,36.0054,35.77
2020-01-02 10:20:00,1339.7541,1333.8,36.0129,35.725
2020-01-02 10:25:00,1339.9971,1333.02,36.0197,35.6801
2020-01-02 10:30:00,1340.2608,1334.3,36.0259,35.6854
2020-01-02 10:35:00,1340.4961,1335.39,36.0321,35.685
2020-01-02 10:40:00,1340.7187,1335.66,36.039,35.685
2020-01-02 10:45:00,1340.965,1335.41,36.046,35.655
2020-01-02 10:50:00,1341.234,1335.85,36.0529,35.66
2020-01-02 10:55:00,1341.5056,1335.1801,36.0611,35.64
2020-01-02 11:00:00,1341.8115,1333.61,36.0693,35.61
2020-01-02 11:05:00,1342.1467,1333.93,36.0773,35.57
2020-01-02 11:10:00,1342.4693,1333.85,36.0849,35.58
2020-01-02 11:15:00,1342.7992,1333.98,36.0928,35.605
2020-01-02 11:20:00,1343.1111,1334.26,36.101,35.61
2020-01-02 11:25:00,1343.4579,1334.47,36.1097,35.65
2020-01-02 11:30:00,1343.7914,1334.1663,36.119,35.6663
2020-01-02 11:35:00,1344.0808,1335.15,36.1265,35.67
2020-01-02 11:40:00,1344.3803,1336.01,36.1336,35.69
2020-01-02 11:45:00,1344.6673,1335.3857,36.1401,35.66
2020-01-02 11:50:00,1344.9703,1334.99,36.1476,35.63
2020-01-02 11:55:00,1345.2906,1336.8199,36.155,35.665
2020-01-02 12:00:00,1345.6173,1339.0601,36.1624,35.74
2020-01-02 12:05:00,1345.9256,1337.58,36.1702,35.79
2020-01-02 12:10:00,1346.2411,1339.14,36.1782,35.81
2020-01-02 12:15:00,1346.5529,1337.78,36.1863,35.7065
2020-01-02 12:20:00,1346.8897,1338.34,36.1937,35.7
2020-01-02 12:25:00,1347.2376,1335.6731,36.2008,35.68
2020-01-02 12:30:00,1347.5716,1340.47,36.2072,35.8
2020-01-02 12:35:00,1347.9160000000002,1338.6899,36.214,35.775
2020-01-02 12:40:00,1348.286,1340.59,36.2198,35.775
2020-01-02 12:45:00,1348.6793,1340.6801,36.2253,35.825
2020-01-02 12:50:00,1349.109,1340.5446,36.231,35.805
2020-01-02 12:55:00,1349.5073,1341.0,36.2367,35.8
2020-01-02 13:00:00,1349.8981,1342.365,36.2423,35.785
2020-01-02 13:05:00,1350.2653,1342.635,36.2474,35.795
2020-01-02 13:10:00,1350.6425,1342.4381,36.2515,35.79
2020-01-02 13:15:00,1350.9991,1341.2,36.2558,35.765
2020-01-02 13:20:00,1351.3661,1341.89,36.2604,35.765
2020-01-02 13:25:00,1351.754,1341.38,36.2654,35.725
2020-01-02 13:30:00,1352.1167,1341.16,36.2698,35.74
2020-01-02 13:35:00,1352.4722,1342.0287,36.2738,35.735
2020-01-02 13:40:00,1352.8367,1341.58,36.2781,35.735
2020-01-02 13:45:00,1353.1959,1341.51,36.2817,35.73
2020-01-02 13:50:00,1353.578,1340.91,36.2855,35.75
2020-01-02 13:55:00,1353.9637,1340.51,36.2886,35.765
2020-01-02 14:00:00,1354.3762,1340.13,36.2921,35.795
2020-01-02 14:05:00,1354.7955,1340.4,36.2954,35.805
2020-01-02 14:10:00,1355.2053,1340.9,36.299,35.825
2020-01-02 14:15:00,1355.625,1340.6365,36.3022,35.84
2020-01-02 14:20:00,1356.0577,1340.045,36.3061,35.86
2020-01-02 14:25:00,1356.4632,1340.2061,36.3087,35.87
2020-01-02 14:30:00,1356.8821,1341.5601,36.3116,35.89
2020-01-02 14:35:00,1357.0294,1340.41,36.3108,35.87
2020-01-02 14:40:00,1357.0943,1340.53,36.3085,35.87
2020-01-02 14:45:00,1357.2061,1340.71,36.3052,35.91
2020-01-02 14:50:00,1357.3321,1340.5551,36.302,35.91
2020-01-02 14:55:00,1357.4188,1340.66,36.299,35.9365
2020-01-02 15:00:00,1357.4927,1340.38,36.2956,35.935
2020-01-02 15:05:00,1357.6268,1340.65,36.2927,35.94
2020-01-02 15:10:00,1357.7979,1339.8199,36.2899,35.975
2020-01-02 15:15:00,1358.0021,1340.47,36.2884,35.95
2020-01-02 15:20:00,1358.1908,1340.74,36.2876,35.915
2020-01-02 15:25:00,1358.4468,1340.675,36.2875,35.915
2020-01-02 15:30:00,1358.6923,1341.97,36.2871,35.95
2020-01-02 15:35:00,1358.9557,1340.84,36.2864,35.92
2020-01-02 15:40:00,1359.2351,1340.595,36.2852,35.92
2020-01-02 15:45:00,1359.506,1339.89,36.2831,35.915
2020-01-02 15:50:00,1359.7546,1340.1285,36.2808,35.915
2020-01-02 15:55:00,1360.0338,1340.2948,36.2793,35.88
2020-01-02 16:00:00,1360.2885,1339.455,36.2779,35.815
2020-01-03 09:35:00,1360.3705,1337.9301,36.2731,35.78
2020-01-03 09:40:00,1360.4407,1338.45,36.265,35.785
2020-01-03 09:45:00,1360.5887,1338.41,36.2562,35.765
2020-01-03 09:50:00,1360.7856,1339.15,36.2486,35.77
2020-01-03 09:55:00,1360.9382,1338.58,36.2393,35.785
2020-01-03 10:00:00,1361.0691,1339.68,36.2304,35.77
2020-01-03 10:05:00,1361.2477,1339.61,36.2235,35.81
2020-01-03 10:10:00,1361.4049,1341.08,36.2175,35.81
2020-01-03 10:15:00,1361.5899,1340.67,36.2128,35.82
2020-01-03 10:20:00,1361.7582,1339.48,36.2073,35.81
2020-01-03 10:25:00,1361.9299,1340.13,36.2007,35.805
2020-01-03 10:30:00,1362.1098,1342.4399,36.1948,35.845
2020-01-03 10:35:00,1362.2931,1344.41,36.1887,35.8615
2020-01-03 10:40:00,1362.4532,1342.025,36.1825,35.855
2020-01-03 10:45:00,1362.6332,1341.49,36.1769,35.835
2020-01-03 10:50:00,1362.7878,1338.74,36.1712,35.795
2020-01-03 10:55:00,1362.911,1339.6,36.1646,35.8306
2020-01-03 11:00:00,1363.0268,1340.31,36.1579,35.8
2020-01-03 11:05:00,1363.1284,1339.09,36.1505,35.795
2020-01-03 11:10:00,1363.2281,1339.485,36.1445,35.76
2020-01-03 11:15:00,1363.3453,1339.97,36.1396,35.765
2020-01-03 11:20:00,1363.4587,1340.65,36.1345,35.745
2020-01-03 11:25:00,1363.592,1340.835,36.1293,35.73
2020-01-03 11:30:00,1363.7067,1342.2463,36.124,35.78
2020-01-03 11:35:00,1363.8163,1342.4294,36.119,35.745
2020-01-03 11:40:00,1363.9201,1340.65,36.1149,35.75
2020-01-03 11:45:00,1364.0771,1339.88,36.11,35.7486
2020-01-03 11:50:00,1364.2126,1343.42,36.1056,35.87
2020-01-03 11:55:00,1364.3406,1339.45,36.1014,35.8313
2020-01-03 12:00:00,1364.4823,1340.17,36.0977,35.86
2020-01-03 12:05:00,1364.6413,1342.7,36.094,35.8515
2020-01-03 12:10:00,1364.8061,1341.21,36.0899,35.83
2020-01-03 12:15:00,1364.9839,1346.4,36.0859,35.95
2020-01-03 12:20:00,1365.1376,1344.7,36.0815,35.955
2020-01-03 12:25:00,1365.3084,1349.63,36.0779,36.115
2020-01-03 12:30:00,1365.489,1354.65,36.0744,36.07
2020-01-03 12:35:00,1365.6573,1355.5699,36.0709,36.03
2020-01-03 12:40:00,1365.8411,1353.11,36.0676,36.055
2020-01-03 12:45:00,1366.0205,1355.01,36.0642,36.115
2020-01-03 12:50:00,1366.2032,1356.08,36.0604,36.14
2020-01-03 12:55:00,1366.3562,1355.6899,36.0565,36.175
2020-01-03 13:00:00,1366.4998,1356.27,36.0521,36.185
2020-01-03 13:05:00,1366.6389,1356.98,36.0475,36.189
2020-01-03 13:10:00,1366.7855,1357.01,36.0431,36.21
2020-01-03 13:15:00,1366.9201,1357.58,36.0388,36.19
2020-01-03 13:20:00,1367.011,1356.9,36.0343,36.19
2020-01-03 13:25:00,1367.129,1357.38,36.0305,36.21
2020-01-03 13:30:00,1367.2420000000002,1358.0,36.0272,36.25
2020-01-03 13:35:00,1367.2924,1358.2629,36.0229,36.245
2020-01-03 13:40:00,1367.3076,1357.77,36.0179,36.23
2020-01-03 13:45:00,1367.3563,1357.86,36.0135,36.23
2020-01-03 13:50:00,1367.4254,1357.51,36.0099,36.23
2020-01-03 13:55:00,1367.4601,1357.8824,36.0058,36.22
2020-01-03 14:00:00,1367.4769,1357.5601,36.0016,36.2
2020-01-03 14:05:00,1367.4641,1357.59,35.997,36.2
2020-01-03 14:10:00,1367.4651,1357.645,35.9925,36.205999999999996
2020-01-03 14:15:00,1367.4548,1357.75,35.9881,36.21
2020-01-03 14:20:00,1367.4697,1357.1689,35.9836,36.22
2020-01-03 14:25:00,1367.4460000000001,1357.5649,35.9773,36.245
2020-01-03 14:30:00,1367.4118,1357.42,35.9703,36.23
2020-01-03 14:35:00,1367.5172,1357.6906,35.967,36.23
2020-01-03 14:40:00,1367.6589,1357.99,35.9671,36.2445
2020-01-03 14:45:00,1367.7039,1357.87,35.9676,36.24
2020-01-03 14:50:00,1367.7184,1358.79,35.9678,36.26
2020-01-03 14:55:00,1367.753,1357.17,35.9691,36.24
2020-01-03 15:00:00,1367.8234,1357.0,35.9706,36.23
2020-01-03 15:05:00,1367.9007,1358.78,35.9718,36.265
2020-01-03 15:10:00,1367.9457,1358.8101,35.972,36.27
2020-01-03 15:15:00,1367.9761,1359.365,35.971,36.285
2020-01-03 15:20:00,1368.007,1360.8101,35.9701,36.29
2020-01-03 15:25:00,1367.9916,1360.26,35.9692,36.28
2020-01-03 15:30:00,1367.9732,1359.83,35.9678,36.26
2020-01-03 15:35:00,1367.9363,1359.89,35.966,36.265
2020-01-03 15:40:00,1367.9311,1359.55,35.9636,36.265
2020-01-03 15:45:00,1367.8974,1358.54,35.9617,36.236
2020-01-03 15:50:00,1367.8609,1358.96,35.9602,36.255
2020-01-03 15:55:00,1367.8271,1358.2679,35.9606,36.22
2020-01-03 16:00:00,1367.7744,1357.97,35.9608,36.205
2020-01-06 09:35:00,1367.7809,1358.9399,35.9565,36.25
2020-01-06 09:40:00,1367.8062,1361.16,35.9502,36.27
2020-01-06 09:45:00,1367.8639,1360.36,35.9439,36.23
2020-01-06 09:50:00,1367.9754,1360.61,35.9355,36.24
2020-01-06 09:55:00,1368.1505,1361.97,35.9269,36.29
2020-01-06 10:00:00,1368.3748,1360.89,35.9188,36.31
2020-01-06 10:05:00,1368.6951,1361.3636,35.9114,36.295
2020-01-06 10:10:00,1369.0472,1362.4301,35.9037,36.27
2020-01-06 10:15:00,1369.435,1362.91,35.8968,36.305
2020-01-06 10:20:00,1369.9121,1362.155,35.8893,36.32
2020-01-06 10:25:00,1370.4113,1362.64,35.882,36.335
2020-01-06 10:30:00,1370.8504,1362.53,35.8753,36.325
2020-01-06 10:35:00,1371.2386,1362.5736,35.869,36.3
2020-01-06 10:40:00,1371.5968,1361.86,35.8629,36.27
2020-01-06 10:45:00,1372.0129,1361.63,35.8579,36.285
2020-01-06 10:50:00,1372.4104,1361.22,35.8536,36.3
2020-01-06 10:55:00,1372.7679,1362.03,35.8491,36.29
2020-01-06 11:00:00,1373.108,1362.3,35.8438,36.27
2020-01-06 11:05:00,1373.4266,1360.9518,35.8385,36.29
2020-01-06 11:10:00,1373.7673,1360.88,35.8342,36.265
2020-01-06 11:15:00,1374.1086,1359.5404,35.8294,36.265
2020-01-06 11:20:00,1374.4431,1359.02,35.8248,36.24
2020-01-06 11:25:00,1374.7937,1358.5699,35.8201,36.235
2020-01-06 11:30:00,1375.1497,1358.4399,35.8153,36.28
2020-01-06 11:35:00,1375.5019,1358.75,35.8105,36.2657
2020-01-06 11:40:00,1375.832,1357.5601,35.8058,36.28
2020-01-06 11:45:00,1376.172,1357.24,35.8015,36.255
2020-01-06 11:50:00,1376.54,1356.75,35.7975,36.23
2020-01-06 11:55:00,1376.852,1356.24,35.7931,36.25
2020-01-06 12:00:00,1377.1504,1355.41,35.7885,36.21
2020-01-06 12:05:00,1377.4768,1357.1949,35.7841,36.25
2020-01-06 12:10:00,1377.8534,1356.34,35.7814,36.32
2020-01-06 12:15:00,1378.1987,1357.01,35.7786,36.29
2020-01-06 12:20:00,1378.5442,1358.99,35.7748,36.28
2020-01-06 12:25:00,1378.9191,1364.14,35.7713,36.281
2020-01-06 12:30:00,1379.2936,1362.16,35.7679,36.25
2020-01-06 12:35:00,1379.6725,1361.13,35.7652,36.215
2020-01-06 12:40:00,1380.0001,1360.49,35.7623,36.23
2020-01-06 12:45:00,1380.369,1360.9301,35.76,36.26
2020-01-06 12:50:00,1380.7223,1360.27,35.7576,36.225
2020-01-06 12:55:00,1381.0729999999999,1358.9124,35.755,36.245
2020-01-06 13:00:00,1381.4182,1359.2549,35.7523,36.29
2020-01-06 13:05:00,1381.805,1359.5601,35.7497,36.28
2020-01-06 13:10:00,1382.1908,1358.5601,35.7478,36.265
2020-01-06 13:15:00,1382.6057,1358.5,35.7457,36.27
2020-01-06 13:20:00,1382.9817,1358.6,35.7429,36.26
2020-01-06 13:25:00,1383.3670000000002,1358.6801,35.7403,36.2934
2020-01-06 13:30:00,1383.7342,1358.369,35.7368,36.31
2020-01-06 13:35:00,1384.0836,1358.54,35.7328,36.315
2020-01-06 13:40:00,1384.4506,1359.33,35.7294,36.335
2020-01-06 13:45:00,1384.8197,1359.9884,35.726,36.335
2020-01-06 13:50:00,1385.1660000000002,1360.29,35.7227,36.34
2020-01-06 13:55:00,1385.5442,1360.67,35.7193,36.33
2020-01-06 14:00:00,1385.9101,1361.3,35.7154,36.35
2020-01-06 14:05:00,1386.2968,1362.13,35.7117,36.36
2020-01-06 14:10:00,1386.6770000000001,1362.59,35.7088,36.36
2020-01-06 14:15:00,1387.1077,1363.04,35.7057,36.3659
2020-01-06 14:20:00,1387.5202,1363.0,35.7031,36.395
2020-01-06 14:25:00,1387.9697,1362.63,35.6988,36.385
2020-01-06 14:30:00,1388.4356,1362.54,35.6948,36.39
2020-01-06 14:35:00,1388.8502,1361.88,35.6964,36.375
2020-01-06 14:40:00,1389.2202,1361.2742,35.6991,36.38
2020-01-06 14:45:00,1389.5476,1360.6801,35.701,36.375
2020-01-06 14:50:00,1389.7915,1360.6896,35.7052,36.39
2020-01-06 14:55:00,1389.9897,1359.85,35.7092,36.39
2020-01-06 15:00:00,1390.1677,1359.6,35.7127,36.39
2020-01-06 15:05:00,1390.2604,1359.39,35.7154,36.355
2020-01-06 15:10:00,1390.3286,1358.74,35.7182,36.37
2020-01-06 15:15:00,1390.3578,1357.7,35.7215,36.355
2020-01-06 15:20:00,1390.3014,1357.37,35.7249,36.38
2020-01-06 15:25:00,1390.2556,1357.88,35.7283,36.4
2020-01-06 15:30:00,1390.2636,1356.9,35.7307,36.41
2020-01-06 15:35:00,1390.3103,1355.55,35.7326,36.405
2020-01-06 15:40:00,1390.3837,1354.525,35.7349,36.39
2020-01-06 15:45:00,1390.4249,1353.73,35.7364,36.385
2020-01-06 15:50:00,1390.4913,1352.6801,35.7376,36.37
2020-01-06 15:55:00,1390.5793,1352.1519,35.7388,36.39
2020-01-06 16:00:00,1390.665,1352.5,35.7405,36.385
2020-01-07 09:35:00,1390.7856,1352.09,35.7381,36.37
2020-01-07 09:40:00,1390.8334,1352.5,35.7329,36.37
2020-01-07 09:45:00,1390.8549,1352.7783,35.728,36.39
2020-01-07 09:50:00,1390.8563,1353.74,35.7238,36.4
2020-01-07 09:55:00,1390.8339999999998,1353.54,35.7202,36.425
2020-01-07 10:00:00,1390.8829,1353.82,35.7164,36.43
2020-01-07 10:05:00,1390.9806,1353.3641,35.7122,36.43
2020-01-07 10:10:00,1391.1194,1352.9301,35.708,36.44
2020-01-07 10:15:00,1391.2693,1353.035,35.7037,36.415
2020-01-07 10:20:00,1391.4079,1352.62,35.6989,36.4
2020-01-07 10:25:00,1391.6048,1352.6899,35.6935,36.375
2020-01-07 10:30:00,1391.8183,1352.3101,35.688,36.38
2020-01-07 10:35:00,1391.9859,1352.74,35.6816,36.39
2020-01-07 10:40:00,1392.0974,1352.76,35.6756,36.39
2020-01-07 10:45:00,1392.2139,1352.42,35.6687,36.402
2020-01-07 10:50:00,1392.3337,1351.96,35.6634,36.405
2020-01-07 10:55:00,1392.4359,1352.29,35.6588,36.42
2020-01-07 11:00:00,1392.5886,1350.6801,35.6548,36.35
2020-01-07 11:05:00,1392.7859,1349.2920000000001,35.6525,36.36
2020-01-07 11:10:00,1392.9999,1348.9399,35.6507,36.35
2020-01-07 11:15:00,1393.1982,1347.91,35.6492,36.37
2020-01-07 11:20:00,1393.4169,1347.2,35.6475,36.39
2020-01-07 11:25:00,1393.6683,1347.79,35.6459,36.4
2020-01-07 11:30:00,1393.8746,1348.54,35.6437,36.39
2020-01-07 11:35:00,1394.0408,1349.2771,35.6413,36.3794
2020-01-07 11:40:00,1394.191,1349.1692,35.6379,36.4
2020-01-07 11:45:00,1394.3086,1348.65,35.6349,36.395
2020-01-07 11:50:00,1394.4528,1348.825,35.6321,36.425
2020-01-07 11:55:00,1394.5785,1348.1072,35.6292,36.44
2020-01-07 12:00:00,1394.7201,1347.29,35.6258,36.39
2020-01-07 12:05:00,1394.8767,1346.8362,35.6226,36.435
2020-01-07 12:10:00,1395.0545,1348.23,35.6188,36.455
2020-01-07 12:15:00,1395.2128,1347.53,35.6151,36.46
2020-01-07 12:20:00,1395.4162,1347.35,35.6114,36.485
2020-01-07 12:25:00,1395.6177,1346.3101,35.6086,36.45
2020-01-07 12:30:00,1395.8311,1344.4301,35.6058,36.21
2020-01-07 12:35:00,1396.0296,1344.74,35.6037,36.21
2020-01-07 12:40:00,1396.214,1345.7697,35.6007,36.2
2020-01-07 12:45:00,1396.3596,1345.58,35.5973,36.215
2020-01-07 12:50:00,1396.5125,1344.4,35.593,36.22
2020-01-07 12:55:00,1396.656,1344.62,35.5894,36.211
2020-01-07 13:00:00,1396.8213,1345.16,35.5869,36.205
2020-01-07 13:05:00,1396.9718,1344.74,35.5845,36.195
2020-01-07 13:10:00,1397.1294,1345.655,35.5828,36.2001
2020-01-07 13:15:00,1397.2936,1345.5699,35.5811,36.2
2020-01-07 13:20:00,1397.4791,1345.9449,35.58,36.235
2020-01-07 13:25:00,1397.6558,1346.55,35.5787,36.22
2020-01-07 13:30:00,1397.8371,1346.55,35.5776,36.255
2020-01-07 13:35:00,1398.0181,1346.94,35.5774,36.2
2020-01-07 13:40:00,1398.1804,1346.87,35.5774,36.185
2020-01-07 13:45:00,1398.3026,1346.95,35.5764,36.175
2020-01-07 13:50:00,1398.4536,1346.86,35.5748,36.17
2020-01-07 13:55:00,1398.5731,1346.8297,35.5727,36.16
2020-01-07 14:00:00,1398.7119,1346.0649,35.5709,36.15
2020-01-07 14:05:00,1398.8135,1346.3676,35.5687,36.15
2020-01-07 14:10:00,1398.8986,1346.64,35.5662,36.16
2020-01-07 14:15:00,1398.9473,1346.5,35.5638,36.17
2020-01-07 14:20:00,1398.9769,1346.22,35.5608,36.175
2020-01-07 14:25:00,1399.011,1346.11,35.5579,36.165
2020-01-07 14:30:00,1399.0415,1346.27,35.5554,36.15
2020-01-07 14:35:00,1399.0573,1345.8177,35.5564,36.14
2020-01-07 14:40:00,1399.1064,1346.92,35.5586,36.165
2020-01-07 14:45:00,1399.1766,1347.03,35.5599,36.18
2020-01-07 14:50:00,1399.2637,1347.17,35.5604,36.17
2020-01-07 14:55:00,1399.3589,1348.13,35.5598,36.17
2020-01-07 15:00:00,1399.4002,1349.65,35.5602,36.17
2020-01-07 15:05:00,1399.3965,1349.23,35.5609,36.14
2020-01-07 15:10:00,1399.3715,1350.0,35.5621,36.1574
2020-01-07 15:15:00,1399.3175,1348.42,35.5633,36.16
2020-01-07 15:20:00,1399.2759,1348.37,35.5655,36.135
2020-01-07 15:25:00,1399.1998,1347.605,35.5682,36.115
2020-01-07 15:30:00,1399.1238,1348.275,35.5716,36.14
2020-01-07 15:35:00,1399.1034,1345.9,35.5761,36.17
2020-01-07 15:40:00,1399.0948,1346.0,35.5789,36.205
2020-01-07 15:45:00,1399.0891,1345.41,35.5825,36.2
2020-01-07 15:50:00,1399.0489,1346.0198,35.5853,36.24
2020-01-07 15:55:00,1399.0144,1348.54,35.5877,36.19
2020-01-07 16:00:00,1398.9472,1350.51,35.5898,36.2165
2020-01-08 09:35:00,1398.9374,1350.28,35.5917,36.21
2020-01-08 09:40:00,1398.9494,1350.4301,35.5929,36.255
2020-01-08 09:45:00,1398.9985,1348.0,35.5947,36.24
2020-01-08 09:50:00,1399.0345,1348.8051,35.5974,36.295
2020-01-08 09:55:00,1399.0435,1349.35,35.6009,36.305
2020-01-08 10:00:00,1399.0493,1349.53,35.6051,36.31
2020-01-08 10:05:00,1399.0839999999998,1349.394,35.6098,36.325
2020-01-08 10:10:00,1399.0826,1349.05,35.6144,36.32
2020-01-08 10:15:00,1399.1186,1348.09,35.6192,36.32
2020-01-08 10:20:00,1399.1647,1348.9399,35.6239,36.33
2020-01-08 10:25:00,1399.2025,1348.53,35.6281,36.355
2020-01-08 10:30:00,1399.2414,1348.38,35.6329,36.355
2020-01-08 10:35:00,1399.2636,1348.65,35.6375,36.37
2020-01-08 10:40:00,1399.2829,1348.48,35.6424,36.35
2020-01-08 10:45:00,1399.3052,1348.65,35.647,36.37
2020-01-08 10:50:00,1399.2494,1348.55,35.6505,36.355
2020-01-08 10:55:00,1399.2136,1348.38,35.6545,36.35
2020-01-08 11:00:00,1399.1665,1348.45,35.6583,36.365
2020-01-08 11:05:00,1399.1114,1348.79,35.661,36.345
2020-01-08 11:10:00,1399.0913,1349.11,35.665,36.35
2020-01-08 11:15:00,1399.0841,1349.6892,35.6692,36.345
2020-01-08 11:20:00,1399.1272,1349.75,35.6741,36.354
2020-01-08 11:25:00,1399.1783,1349.72,35.679,36.355
2020-01-08 11:30:00,1399.2433,1349.365,35.6837,36.355
2020-01-08 11:35:00,1399.306,1349.22,35.6876,36.37
2020-01-08 11:40:00,1399.389,1349.3878,35.6931,36.37
2020-01-08 11:45:00,1399.5255,1349.29,35.6997,36.375
2020-01-08 11:50:00,1399.6997,1350.08,35.7059,36.375
2020-01-08 11:55:00,1399.8842,1350.37,35.7126,36.41
2020-01-08 12:00:00,1400.0232,1351.02,35.7195,36.41
2020-01-08 12:05:00,1400.1924,1351.76,35.7252,36.405
2020-01-08 12:10:00,1400.3469,1351.66,35.7305,36.415
2020-01-08 12:15:00,1400.4806,1351.7521,35.736,36.415
2020-01-08 12:20:00,1400.6199,1352.14,35.742,36.415
2020-01-08 12:25:00,1400.7594,1351.78,35.7475,36.405
2020-01-08 12:30:00,1400.8981,1351.915,35.7529,36.405
2020-01-08 12:35:00,1401.0569,1352.53,35.7591,36.4
2020-01-08 12:40:00,1401.213,1352.55,35.7645,36.37
2020-01-08 12:45:00,1401.3603,1352.655,35.77,36.37
2020-01-08 12:50:00,1401.54,1352.67,35.7761,36.385
2020-01-08 12:55:00,1401.7214,1352.745,35.7823,36.375
2020-01-08 13:00:00,1401.8970000000002,1353.2,35.7876,36.375
2020-01-08 13:05:00,1402.0535,1353.1801,35.7929,36.3699
2020-01-08 13:10:00,1402.2243,1353.55,35.7984,36.38
2020-01-08 13:15:00,1402.3972,1353.95,35.8045,36.395
2020-01-08 13:20:00,1402.5667,1353.99,35.8105,36.415
2020-01-08 13:25:00,1402.7512,1354.53,35.8171,36.43
2020-01-08 13:30:00,1402.9379999999999,1354.5601,35.8235,36.41
2020-01-08 13:35:00,1403.116,1355.29,35.83,36.41
2020-01-08 13:40:00,1403.2958,1355.42,35.8364,36.44
2020-01-08 13:45:00,1403.4688,1355.8199,35.8415,36.4
2020-01-08 13:50:00,1403.6328,1356.29,35.846,36.415
2020-01-08 13:55:00,1403.7921,1356.025,35.8509,36.42
2020-01-08 14:00:00,1403.9528,1355.8101,35.855,36.425
2020-01-08 14:05:00,1404.1536,1356.2271,35.8589,36.435
2020-01-08 14:10:00,1404.3599,1355.55,35.8636,36.42
2020-01-08 14:15:00,1404.5589,1355.77,35.8681,36.385
2020-01-08 14:20:00,1404.7955,1356.16,35.8718,36.39
2020-01-08 14:25:00,1405.0155,1356.34,35.8757,36.385
2020-01-08 14:30:00,1405.2144,1356.3033,35.8788,36.395
2020-01-08 14:35:00,1405.3249,1356.8101,35.8804,36.37
2020-01-08 14:40:00,1405.4504,1355.7,35.8825,36.365
2020-01-08 14:45:00,1405.5305,1355.4388,35.8834,36.405
2020-01-08 14:50:00,1405.6067,1357.5601,35.8844,36.4
2020-01-08 14:55:00,1405.6949,1356.0601,35.8847,36.4
2020-01-08 15:00:00,1405.8427,1355.36,35.8842,36.37
2020-01-08 15:05:00,1405.99,1355.118,35.8837,36.3669
2020-01-08 15:10:00,1406.1654,1355.01,35.8834,36.3552
2020-01-08 15:15:00,1406.3289,1353.86,35.8828,36.29
2020-01-08 15:20:00,1406.4821,1353.1801,35.8825,36.305
2020-01-08 15:25:00,1406.6529999999998,1353.36,35.8836,36.3107
2020-01-08 15:30:00,1406.8399,1354.7601,35.8842,36.315
2020-01-08 15:35:00,1407.0209,1354.77,35.8847,36.27
2020-01-08 15:40:00,1407.1973,1356.36,35.8853,36.305
2020-01-08 15:45:00,1407.3599,1356.63,35.8856,36.2063
2020-01-08 15:50:00,1407.5453,1358.3199,35.8853,36.22
2020-01-08 15:55:00,1407.6851,1359.8444,35.8828,36.21
2020-01-08 16:00:00,1407.8239999999998,1359.62,35.8803,36.485
2020-01-09 09:35:00,1408.3378,1351.22,35.8727,36.19
2020-01-09 09:40:00,1408.8174,1352.13,35.8669,36.235
2020-01-09 09:45:00,1409.2266,1353.03,35.8586,36.15
2020-01-09 09:50:00,1409.606,1352.95,35.8516,36.1557
2020-01-09 09:55:00,1410.0202,1353.26,35.8437,36.165
2020-01-09 10:00:00,1410.3596,1352.49,35.8341,36.2
2020-01-09 10:05:00,1410.7311,1352.78,35.8242,36.19
2020-01-09 10:10:00,1411.0614,1353.04,35.8125,36.21
2020-01-09 10:15:00,1411.3144,1352.8199,35.8001,36.225
2020-01-09 10:20:00,1411.5579,1353.45,35.7869,36.205
2020-01-09 10:25:00,1411.7767,1352.65,35.7728,36.25
2020-01-09 10:30:00,1412.0147,1352.745,35.7579,36.245
2020-01-09 10:35:00,1412.2289,1353.05,35.7433,36.25
2020-01-09 10:40:00,1412.476,1353.28,35.7293,36.27
2020-01-09 10:45:00,1412.7325,1353.63,35.715,36.29
2020-01-09 10:50:00,1412.9736,1353.65,35.7002,36.295
2020-01-09 10:55:00,1413.2151,1353.3149,35.6854,36.29
2020-01-09 11:00:00,1413.4236,1353.4025,35.6711,36.295
2020-01-09 11:05:00,1413.6075,1353.03,35.6557,36.325
2020-01-09 11:10:00,1413.7861,1353.485,35.6404,36.32
2020-01-09 11:15:00,1414.001,1353.515,35.6258,36.325
2020-01-09 11:20:00,1414.1979,1353.67,35.6098,36.335
2020-01-09 11:25:00,1414.3598,1353.5639999999999,35.5949,36.32
2020-01-09 11:30:00,1414.4886,1352.425,35.5798,36.325
2020-01-09 11:35:00,1414.6351,1352.74,35.5653,36.33
2020-01-09 11:40:00,1414.8021,1353.395,35.551,36.335
2020-01-09 11:45:00,1414.9586,1354.2,35.5366,36.315
2020-01-09 11:50:00,1415.1247,1354.37,35.5232,36.295
2020-01-09 11:55:00,1415.2597,1354.345,35.5096,36.245
2020-01-09 12:00:00,1415.3921,1354.58,35.4969,36.23
2020-01-09 12:05:00,1415.5316,1353.91,35.483000000000004,36.225
2020-01-09 12:10:00,1415.639,1354.78,35.4687,36.245
2020-01-09 12:15:00,1415.7254,1354.09,35.4553,36.215
2020-01-09 12:20:00,1415.8355,1353.85,35.4426,36.21
2020-01-09 12:25:00,1415.9209,1353.9,35.4293,36.225
2020-01-09 12:30:00,1416.0362,1354.37,35.4161,36.225
2020-01-09 12:35:00,1416.0943,1354.59,35.4027,36.17
2020-01-09 12:40:00,1416.155,1355.2257,35.389,36.185
2020-01-09 12:45:00,1416.1865,1355.41,35.3753,36.18
2020-01-09 12:50:00,1416.2763,1355.61,35.3622,36.185
2020-01-09 12:55:00,1416.4048,1355.385,35.3492,36.2
2020-01-09 13:00:00,1416.5628,1354.9977,35.3366,36.21
2020-01-09 13:05:00,1416.7191,1354.7052,35.3239,36.23
2020-01-09 13:10:00,1416.8361,1354.6801,35.3113,36.235
2020-01-09 13:15:00,1416.9592,1355.415,35.2988,36.26
2020-01-09 13:20:00,1417.0662,1355.0,35.2852,36.25
2020-01-09 13:25:00,1417.1569,1355.85,35.2717,36.25
2020-01-09 13:30:00,1417.2642,1355.91,35.2593,36.23
2020-01-09 13:35:00,1417.3617,1355.47,35.2468,36.19
2020-01-09 13:40:00,1417.4662,1356.09,35.234,36.21
2020-01-09 13:45:00,1417.5809,1356.01,35.2216,36.185
2020-01-09 13:50:00,1417.7160000000001,1355.51,35.2092,36.16
2020-01-09 13:55:00,1417.8459,1356.1,35.1956,36.15
2020-01-09 14:00:00,1417.9479999999999,1356.42,35.181999999999995,36.19
2020-01-09 14:05:00,1418.0634,1354.84,35.1691,36.185
2020-01-09 14:10:00,1418.1684,1354.78,35.1559,36.22
2020-01-09 14:15:00,1418.3072,1355.86,35.1431,36.24
2020-01-09 14:20:00,1418.4866,1354.5273,35.1315,36.24
2020-01-09 14:25:00,1418.6771,1354.86,35.1213,36.26
2020-01-09 14:30:00,1418.8856,1355.36,35.1121,36.26
2020-01-09 14:35:00,1418.7428,1354.86,35.1087,36.24
2020-01-09 14:40:00,1418.6142,1355.985,35.1032,36.245
2020-01-09 14:45:00,1418.5549,1356.3654,35.0997,36.2464
2020-01-09 14:50:00,1418.4908,1355.6899,35.0941,36.23
2020-01-09 14:55:00,1418.3922,1355.33,35.089,36.25
2020-01-09 15:00:00,1418.3705,1354.54,35.0852,36.27
2020-01-09 15:05:00,1418.3248,1354.5699,35.0817,36.296
2020-01-09 15:10:00,1418.2904,1354.2422,35.078,36.28
2020-01-09 15:15:00,1418.1999,1354.09,35.0739,36.17
2020-01-09 15:20:00,1418.0816,1352.89,35.0698,36.14
2020-01-09 15:25:00,1417.9407,1353.405,35.0662,36.135
2020-01-09 15:30:00,1417.8603,1354.28,35.0642,36.15
2020-01-09 15:35:00,1417.7647,1352.35,35.0634,36.1
2020-01-09 15:40:00,1417.6502,1354.76,35.0619,36.14
2020-01-09 15:45:00,1417.5811,1353.8101,35.061,36.125
2020-01-09 15:50:00,1417.4821,1352.66,35.0603,36.115
2020-01-09 15:55:00,1417.4051,1352.485,35.0611,36.11
2020-01-09 16:00:00,1417.3676,1359.12,35.0621,36.17
